series_id,analysis_scope,protocol,display,region,region_display,variable_set,variable_set_label,variable,var_short,n_full723,mean_effect_pct_full723,median_effect_pct_full723,fraction_timesteps_improved_full723,lag1_autocorrelation_full723,lag1_exact_12h_pair_count_full723,ar1_n_eff_raw_full723,ar1_n_eff_capped_full723,block_days,block_cases,calendar_slots,calendar_candidate_start_slots,calendar_edge_handling,baseline_unavailable_calendar_slots,calibration_excluded_calendar_slots,bootstrap_replicates,random_seed,bootstrap_mean_effect_pct,bootstrap_mean_bias_pct,bootstrap_se_pct,ci95_percentile_low_pct,ci95_percentile_high_pct,ci95_percentile_width_pct,ci95_primary_low_pct,ci95_primary_high_pct,ci95_primary_method,probability_effect_lt_zero,block_bootstrap_interpretation
per_variable__strict_conus__t2m,per_variable,RplusAplusS_2019_frozen,R+A+S (2019-frozen),strict_conus,Within CONUS,per_variable,t2m,2m_temperature,t2m,723,-19.686217505840347,-19.2294979095459,0.9972337482710927,-0.2555968837189129,715,1219.4958982224214,723.0,14,28,732,732,circular_wrap,9,0,10000,20260726,-19.691589911116782,-0.005372405276435899,0.3983571327887519,-20.452143499256213,-18.901033919766792,1.5511095794894203,-20.452143499256213,-18.901033919766792,raw_percentile,1.0,improvement_supported
per_variable__strict_conus__u10,per_variable,RplusAplusS_2019_frozen,R+A+S (2019-frozen),strict_conus,Within CONUS,per_variable,u10,10m_u_component_of_wind,u10,723,-11.760274617338906,-11.637588500976562,0.9944674965421854,0.13505519909729105,715,550.9468539944165,550.9468539944165,14,28,732,732,circular_wrap,9,0,10000,20260726,-11.756677053818818,0.0035975635200884426,0.42669491552475713,-12.606238102657336,-10.929459325820826,1.6767787768365103,-12.606238102657336,-10.929459325820826,raw_percentile,1.0,improvement_supported
per_variable__strict_conus__v10,per_variable,RplusAplusS_2019_frozen,R+A+S (2019-frozen),strict_conus,Within CONUS,per_variable,v10,10m_v_component_of_wind,v10,723,-11.072319570933965,-10.940896034240724,0.9903181189488244,0.012353080837116429,715,705.3554101542322,705.3554101542322,14,28,732,732,circular_wrap,9,0,10000,20260726,-11.066638225785384,0.005681345148580874,0.4371256493224729,-11.913406707434547,-10.210720975994342,1.702685731440205,-11.913406707434547,-10.210720975994342,raw_percentile,1.0,improvement_supported
per_variable__strict_conus__z500,per_variable,RplusAplusS_2019_frozen,R+A+S (2019-frozen),strict_conus,Within CONUS,per_variable,z500,geopotential_500,z500,723,-9.01695402428884,-9.28492546081543,0.8727524204702628,0.30413086335266293,715,385.7844330917984,385.7844330917984,14,28,732,732,circular_wrap,9,0,10000,20260726,-9.009288225293854,0.007665798994985096,0.5792490166196145,-10.112066746137218,-7.868916079052274,2.2431506670849446,-10.112066746137218,-7.868916079052274,raw_percentile,1.0,improvement_supported
per_variable__strict_conus__z850,per_variable,RplusAplusS_2019_frozen,R+A+S (2019-frozen),strict_conus,Within CONUS,per_variable,z850,geopotential_850,z850,723,-9.601856828431494,-9.685113906860352,0.9073305670816044,-0.012001879416636399,715,740.5655370945535,723.0,14,28,732,732,circular_wrap,9,0,10000,20260726,-9.601926352320087,-6.952388859282621e-05,0.3648333376690191,-10.291488784575579,-8.875583459371327,1.4159053252042515,-10.291488784575579,-8.875583459371327,raw_percentile,1.0,improvement_supported
per_variable__strict_conus__u500,per_variable,RplusAplusS_2019_frozen,R+A+S (2019-frozen),strict_conus,Within CONUS,per_variable,u500,u_component_of_wind_500,u500,723,-9.940473375365364,-9.55195140838623,0.9806362378976486,0.16162348845903296,715,521.8095397229016,521.8095397229016,14,28,732,732,circular_wrap,9,0,10000,20260726,-9.938524770349748,0.0019486050156167778,0.39259242227698105,-10.734119281976035,-9.199024475958163,1.535094806017872,-10.734119281976035,-9.199024475958163,raw_percentile,1.0,improvement_supported
per_variable__strict_conus__u850,per_variable,RplusAplusS_2019_frozen,R+A+S (2019-frozen),strict_conus,Within CONUS,per_variable,u850,u_component_of_wind_850,u850,723,-10.124289069350494,-9.894901275634766,0.983402489626556,0.11780241462603941,715,570.6096586298383,570.6096586298383,14,28,732,732,circular_wrap,9,0,10000,20260726,-10.123715860613101,0.0005732087373928607,0.23866965840294377,-10.595390725492358,-9.666620258240862,0.9287704672514963,-10.595390725492358,-9.666620258240862,raw_percentile,1.0,improvement_supported
per_variable__strict_conus__v500,per_variable,RplusAplusS_2019_frozen,R+A+S (2019-frozen),strict_conus,Within CONUS,per_variable,v500,v_component_of_wind_500,v500,723,-11.098806708834726,-10.813043594360352,0.9972337482710927,0.16387077790490864,715,519.4059676134784,519.4059676134784,14,28,732,732,circular_wrap,9,0,10000,20260726,-11.095047855580123,0.0037588532546024567,0.43307961383355953,-11.949811076825513,-10.25610458551369,1.6937064913118238,-11.949811076825513,-10.25610458551369,raw_percentile,1.0,improvement_supported
per_variable__strict_conus__v850,per_variable,RplusAplusS_2019_frozen,R+A+S (2019-frozen),strict_conus,Within CONUS,per_variable,v850,v_component_of_wind_850,v850,723,-9.804865313392456,-9.668682098388672,0.9875518672199171,0.02294693569685232,715,690.5630593731191,690.5630593731191,14,28,732,732,circular_wrap,9,0,10000,20260726,-9.802576737773624,0.0022885756188326667,0.2668543356610168,-10.319481016537832,-9.26932144857232,1.0501595679655118,-10.319481016537832,-9.26932144857232,raw_percentile,1.0,improvement_supported
per_variable__strict_conus__t500,per_variable,RplusAplusS_2019_frozen,R+A+S (2019-frozen),strict_conus,Within CONUS,per_variable,t500,temperature_500,t500,723,-3.930090825194506,-3.6575145721435542,0.719225449515906,0.1796419273506667,715,502.79569823153156,502.79569823153156,14,28,732,732,circular_wrap,9,0,10000,20260726,-3.926538657318645,0.0035521678758607678,0.6031878234587951,-5.1150465701900245,-2.744986170516665,2.3700603996733594,-5.1150465701900245,-2.744986170516665,raw_percentile,1.0,improvement_supported
per_variable__strict_conus__t850,per_variable,RplusAplusS_2019_frozen,R+A+S (2019-frozen),strict_conus,Within CONUS,per_variable,t850,temperature_850,t850,723,-10.905269954206723,-11.31961727142334,0.9612724757952974,0.023047177876723633,715,690.4245529136701,690.4245529136701,14,28,732,732,circular_wrap,9,0,10000,20260726,-10.903539731701162,0.0017302225055608744,0.30231930091212406,-11.487899374976346,-10.310542658707616,1.1773567162687293,-11.487899374976346,-10.310542658707616,raw_percentile,1.0,improvement_supported
per_variable__strict_conus__q500,per_variable,RplusAplusS_2019_frozen,R+A+S (2019-frozen),strict_conus,Within CONUS,per_variable,q500,specific_humidity_500,q500,723,-1.3922727631957605,-1.4117730855941772,0.8215767634854771,0.23143891387901963,715,451.2360775697068,451.2360775697068,14,28,732,732,circular_wrap,9,0,10000,20260726,-1.3914633379368369,0.0008094252589236905,0.10445807776985151,-1.602318242638028,-1.191073609974086,0.41124463266394207,-1.602318242638028,-1.191073609974086,raw_percentile,1.0,improvement_supported
per_variable__strict_conus__q850,per_variable,RplusAplusS_2019_frozen,R+A+S (2019-frozen),strict_conus,Within CONUS,per_variable,q850,specific_humidity_850,q850,723,-1.7386980864243842,-1.7065696716308594,0.8105117565698479,0.0411607875186938,715,665.8344791068472,665.8344791068472,14,28,732,732,circular_wrap,9,0,10000,20260726,-1.7397875071711857,-0.0010894207468015171,0.10069023652060381,-1.9373680422960409,-1.5405344386420818,0.39683360365395903,-1.9373680422960409,-1.5405344386420818,raw_percentile,1.0,improvement_supported
per_variable__global__t2m,per_variable,RplusAplusS_2019_frozen,R+A+S (2019-frozen),global,Global,per_variable,t2m,2m_temperature,t2m,723,-0.33562281436044805,-0.2952716052532196,0.7164591977869986,0.24408397045130864,715,439.30096548502553,439.30096548502553,14,28,732,732,circular_wrap,9,0,10000,20260726,-0.3354756846542279,0.00014712970622016153,0.04952275870533421,-0.4343441547960585,-0.24285282066004327,0.1914913341360152,-0.4343441547960585,-0.24285282066004327,raw_percentile,1.0,improvement_supported
per_variable__global__u10,per_variable,RplusAplusS_2019_frozen,R+A+S (2019-frozen),global,Global,per_variable,u10,10m_u_component_of_wind,u10,723,-0.039557703566769034,-0.0481811091303825,0.5975103734439834,0.3242468664215242,715,368.9414171675451,368.9414171675451,14,28,732,732,circular_wrap,9,0,10000,20260726,-0.03929272115996545,0.0002649824068035808,0.012766412398212816,-0.06453309681243481,-0.014082790622693383,0.05045030618974143,-0.06453309681243481,-0.014082790622693383,raw_percentile,0.9996,improvement_supported
per_variable__global__v10,per_variable,RplusAplusS_2019_frozen,R+A+S (2019-frozen),global,Global,per_variable,v10,10m_v_component_of_wind,v10,723,-0.06203219876243235,-0.0601172298192977,0.6500691562932227,0.3471209041406684,715,350.40031288610044,350.40031288610044,14,28,732,732,circular_wrap,9,0,10000,20260726,-0.062021960929385014,1.023783304733572e-05,0.010119301683035877,-0.08260988150743859,-0.04209674557709349,0.0405131359303451,-0.08260988150743859,-0.04209674557709349,raw_percentile,1.0,improvement_supported
per_variable__global__z500,per_variable,RplusAplusS_2019_frozen,R+A+S (2019-frozen),global,Global,per_variable,z500,geopotential_500,z500,723,0.045283045795959334,-0.0004902750370092,0.5020746887966805,0.3463112771502015,715,351.0458202658855,351.0458202658855,14,28,732,732,circular_wrap,9,0,10000,20260726,0.0452090181598095,-7.402763614983154e-05,0.03187175237240922,-0.017953686363820612,0.10672381732762874,0.12467750369144935,-0.017953686363820612,0.10672381732762874,raw_percentile,0.0788,interval_includes_zero
per_variable__global__z850,per_variable,RplusAplusS_2019_frozen,R+A+S (2019-frozen),global,Global,per_variable,z850,geopotential_850,z850,723,0.07400234695990927,0.0202917996793985,0.48824343015214383,0.36375311591309056,715,337.30921808881925,337.30921808881925,14,28,732,732,circular_wrap,9,0,10000,20260726,0.0739836769562266,-1.8670003682677572e-05,0.0379265554263567,-0.0023644514712493764,0.14544619211076804,0.1478106435820174,-0.0023644514712493764,0.14544619211076804,raw_percentile,0.0288,interval_includes_zero
per_variable__global__u500,per_variable,RplusAplusS_2019_frozen,R+A+S (2019-frozen),global,Global,per_variable,u500,u_component_of_wind_500,u500,723,0.004203446134547706,0.003243806771934,0.49239280774550487,0.37060383093599225,715,332.00945449168876,332.00945449168876,14,28,732,732,circular_wrap,9,0,10000,20260726,0.004648963349587966,0.0004455172150402602,0.016274305788196886,-0.02765860241442236,0.035775843984815724,0.06343444639923808,-0.02765860241442236,0.035775843984815724,raw_percentile,0.3783,interval_includes_zero
per_variable__global__u850,per_variable,RplusAplusS_2019_frozen,R+A+S (2019-frozen),global,Global,per_variable,u850,u_component_of_wind_850,u850,723,-0.022522548263033345,-0.0399278439581394,0.5712309820193637,0.37212504244185785,715,330.8398143558935,330.8398143558935,14,28,732,732,circular_wrap,9,0,10000,20260726,-0.022193268345795856,0.0003292799172374891,0.015386746079867189,-0.052079573197046834,0.008339837549791602,0.06041941074683844,-0.052079573197046834,0.008339837549791602,raw_percentile,0.9267,interval_includes_zero
per_variable__global__v500,per_variable,RplusAplusS_2019_frozen,R+A+S (2019-frozen),global,Global,per_variable,v500,v_component_of_wind_500,v500,723,-0.036739144270289556,-0.0320168100297451,0.5656984785615491,0.35284328387951885,715,345.85994647756814,345.85994647756814,14,28,732,732,circular_wrap,9,0,10000,20260726,-0.036622846689685414,0.00011629758060414247,0.014843373857043153,-0.06650034335699836,-0.00751894516551893,0.058981398191479434,-0.06650034335699836,-0.00751894516551893,raw_percentile,0.9949,improvement_supported
per_variable__global__v850,per_variable,RplusAplusS_2019_frozen,R+A+S (2019-frozen),global,Global,per_variable,v850,v_component_of_wind_850,v850,723,-0.054239437170532506,-0.0543213561177253,0.6210235131396957,0.3911864788593505,715,316.4005562687698,316.4005562687698,14,28,732,732,circular_wrap,9,0,10000,20260726,-0.05419755867245352,4.187849807898297e-05,0.011415835777073833,-0.07708999160979498,-0.03205567363758758,0.045034317972207395,-0.07708999160979498,-0.03205567363758758,raw_percentile,1.0,improvement_supported
per_variable__global__t500,per_variable,RplusAplusS_2019_frozen,R+A+S (2019-frozen),global,Global,per_variable,t500,temperature_500,t500,723,0.039406496141106535,0.0245194397866725,0.4730290456431535,0.3636703455569645,715,337.37357541085896,337.37357541085896,14,28,732,732,circular_wrap,9,0,10000,20260726,0.03904610259703019,-0.000360393544076347,0.019622771221265156,0.0005784950082210135,0.07694897920857031,0.0763704842003493,0.0005784950082210135,0.07694897920857031,raw_percentile,0.0225,worsening_supported
per_variable__global__t850,per_variable,RplusAplusS_2019_frozen,R+A+S (2019-frozen),global,Global,per_variable,t850,temperature_850,t850,723,-0.021065972843276656,-0.0128632811829447,0.5145228215767634,0.2906445609433221,715,397.3704286663787,397.3704286663787,14,28,732,732,circular_wrap,9,0,10000,20260726,-0.021220066863872462,-0.00015409402059580676,0.024819385933357335,-0.07049331701196647,0.02673746445012551,0.09723078146209198,-0.07049331701196647,0.02673746445012551,raw_percentile,0.8049,interval_includes_zero
per_variable__global__q500,per_variable,RplusAplusS_2019_frozen,R+A+S (2019-frozen),global,Global,per_variable,q500,specific_humidity_500,q500,723,-0.01236095054429842,-0.0198880694806575,0.5615491009681881,0.27741591912298796,715,408.9727414957798,408.9727414957798,14,28,732,732,circular_wrap,9,0,10000,20260726,-0.012380261749048264,-1.9311204749844837e-05,0.012706259765643007,-0.036756541426775195,0.013189919936756438,0.04994646136353163,-0.036756541426775195,0.013189919936756438,raw_percentile,0.8346,interval_includes_zero
per_variable__global__q850,per_variable,RplusAplusS_2019_frozen,R+A+S (2019-frozen),global,Global,per_variable,q850,specific_humidity_850,q850,723,-0.0381527734387577,-0.0375955328345298,0.6210235131396957,0.12697641867021756,715,560.0791985037417,560.0791985037417,14,28,732,732,circular_wrap,9,0,10000,20260726,-0.03837262873558042,-0.0002198552968227241,0.008751308009066325,-0.05517117347024479,-0.021017091042039877,0.03415408242820492,-0.05517117347024479,-0.021017091042039877,raw_percentile,1.0,improvement_supported
per_variable__global_excluding_strict_conus__t2m,per_variable,RplusAplusS_2019_frozen,R+A+S (2019-frozen),global_excluding_strict_conus,Outside CONUS,per_variable,t2m,2m_temperature,t2m,723,-0.1254736160134929,-0.1012750416994094,0.5892116182572614,0.2448180560568631,715,438.6155412947729,438.6155412947729,14,28,732,732,circular_wrap,9,0,10000,20260726,-0.12538169523472523,9.192077876768456e-05,0.050542719604527116,-0.22763063901543587,-0.03030229828606935,0.19732834072936653,-0.22763063901543587,-0.03030229828606935,raw_percentile,0.9955,improvement_supported
per_variable__global_excluding_strict_conus__u10,per_variable,RplusAplusS_2019_frozen,R+A+S (2019-frozen),global_excluding_strict_conus,Outside CONUS,per_variable,u10,10m_u_component_of_wind,u10,723,0.0176619232476305,0.0081577859818935,0.48409405255878285,0.3423113541653398,715,354.2463449056755,354.2463449056755,14,28,732,732,circular_wrap,9,0,10000,20260726,0.017903870193561246,0.00024194694593074675,0.012687243443103291,-0.007045836077518028,0.04307627029813028,0.050122106375648304,-0.007045836077518028,0.04307627029813028,raw_percentile,0.079,interval_includes_zero
per_variable__global_excluding_strict_conus__v10,per_variable,RplusAplusS_2019_frozen,R+A+S (2019-frozen),global_excluding_strict_conus,Outside CONUS,per_variable,v10,10m_v_component_of_wind,v10,723,-0.0015064396697598412,-0.0051926989108324,0.5103734439834025,0.37525543374242726,715,328.4410374406291,328.4410374406291,14,28,732,732,circular_wrap,9,0,10000,20260726,-0.0015265038710662172,-2.006420130637606e-05,0.010219250143703198,-0.022047614317861307,0.01872035175676794,0.04076796607462925,-0.022047614317861307,0.01872035175676794,raw_percentile,0.5581,interval_includes_zero
per_variable__global_excluding_strict_conus__z500,per_variable,RplusAplusS_2019_frozen,R+A+S (2019-frozen),global_excluding_strict_conus,Outside CONUS,per_variable,z500,geopotential_500,z500,723,0.05139220968699714,0.0024957861751317,0.4979253112033195,0.3464975158625531,715,350.8972652866029,350.8972652866029,14,28,732,732,circular_wrap,9,0,10000,20260726,0.05130499424080548,-8.72154461916616e-05,0.03190380331698706,-0.012150649610108354,0.11309126192085296,0.12524191153096131,-0.012150649610108354,0.11309126192085296,raw_percentile,0.055,interval_includes_zero
per_variable__global_excluding_strict_conus__z850,per_variable,RplusAplusS_2019_frozen,R+A+S (2019-frozen),global_excluding_strict_conus,Outside CONUS,per_variable,z850,geopotential_850,z850,723,0.07985295281783493,0.0248580425977706,0.4827109266943292,0.3635384915486816,715,337.47611340818116,337.47611340818116,14,28,732,732,circular_wrap,9,0,10000,20260726,0.07982518970223004,-2.7763115604886868e-05,0.03793814507329788,0.0031617892634876812,0.15124320869745356,0.14808141943396588,0.0031617892634876812,0.15124320869745356,raw_percentile,0.0212,worsening_supported
per_variable__global_excluding_strict_conus__u500,per_variable,RplusAplusS_2019_frozen,R+A+S (2019-frozen),global_excluding_strict_conus,Outside CONUS,per_variable,u500,u_component_of_wind_500,u500,723,0.047748957906030426,0.0379146672785282,0.4315352697095436,0.3737985687196373,715,329.55605364886463,329.55605364886463,14,28,732,732,circular_wrap,9,0,10000,20260726,0.048157333529970175,0.0004083756239397496,0.015439968340677474,0.017290501477958263,0.07832232416229813,0.06103182268433987,0.017290501477958263,0.07832232416229813,raw_percentile,0.0009,worsening_supported
per_variable__global_excluding_strict_conus__u850,per_variable,RplusAplusS_2019_frozen,R+A+S (2019-frozen),global_excluding_strict_conus,Outside CONUS,per_variable,u850,u_component_of_wind_850,u850,723,0.03456000547897776,0.0126061644405126,0.47441217150760717,0.39595742145918733,715,312.84821268295093,312.84821268295093,14,28,732,732,circular_wrap,9,0,10000,20260726,0.034868317920596165,0.0003083124416184066,0.015723561775612988,0.0043554872642420864,0.06588780176597932,0.06153231450173723,0.0043554872642420864,0.06588780176597932,raw_percentile,0.0126,worsening_supported
per_variable__global_excluding_strict_conus__v500,per_variable,RplusAplusS_2019_frozen,R+A+S (2019-frozen),global_excluding_strict_conus,Outside CONUS,per_variable,v500,v_component_of_wind_500,v500,723,0.02044826684361691,0.017736317589879,0.46473029045643155,0.3494871090882383,715,348.51820144244965,348.51820144244965,14,28,732,732,circular_wrap,9,0,10000,20260726,0.02053224972126606,8.398287764915108e-05,0.012665913556266969,-0.004490320688928275,0.04511091174552229,0.04960123243445057,-0.004490320688928275,0.04511091174552229,raw_percentile,0.0546,interval_includes_zero
per_variable__global_excluding_strict_conus__v850,per_variable,RplusAplusS_2019_frozen,R+A+S (2019-frozen),global_excluding_strict_conus,Outside CONUS,per_variable,v850,v_component_of_wind_850,v850,723,0.014200329387213976,0.0145937800407409,0.47579529737206083,0.39405367283461074,715,314.26278849777987,314.26278849777987,14,28,732,732,circular_wrap,9,0,10000,20260726,0.014198277981044654,-2.0514061693215763e-06,0.01085551404938548,-0.007400477343988585,0.03539372335090998,0.04279420069489856,-0.007400477343988585,0.03539372335090998,raw_percentile,0.0963,interval_includes_zero
per_variable__global_excluding_strict_conus__t500,per_variable,RplusAplusS_2019_frozen,R+A+S (2019-frozen),global_excluding_strict_conus,Outside CONUS,per_variable,t500,temperature_500,t500,723,0.05434916162071512,0.0376220121979713,0.44813278008298757,0.36391396790170166,715,337.1841714581036,337.1841714581036,14,28,732,732,circular_wrap,9,0,10000,20260726,0.05397581905334928,-0.00037334256736584054,0.019346824684012314,0.015897461091107356,0.09158765872935452,0.07569019763824716,0.015897461091107356,0.09158765872935452,raw_percentile,0.0017,worsening_supported
per_variable__global_excluding_strict_conus__t850,per_variable,RplusAplusS_2019_frozen,R+A+S (2019-frozen),global_excluding_strict_conus,Outside CONUS,per_variable,t850,temperature_850,t850,723,0.04008705863251865,0.0426723361015319,0.4426002766251729,0.3004474600511515,715,388.92496769006215,388.92496769006215,14,28,732,732,circular_wrap,9,0,10000,20260726,0.03990344965134089,-0.00018360898117775887,0.025900134546380394,-0.011792481473115216,0.09043668115441575,0.10222916262753097,-0.011792481473115216,0.09043668115441575,raw_percentile,0.0624,interval_includes_zero
per_variable__global_excluding_strict_conus__q500,per_variable,RplusAplusS_2019_frozen,R+A+S (2019-frozen),global_excluding_strict_conus,Outside CONUS,per_variable,q500,specific_humidity_500,q500,723,0.012812759841360438,0.0066109392791986,0.47164591977869985,0.26085678301820964,715,423.83921241126126,423.83921241126126,14,28,732,732,circular_wrap,9,0,10000,20260726,0.012817743390563314,4.983549202875956e-06,0.012097775138067816,-0.010526559771679479,0.03654489133344869,0.04707145110512817,-0.010526559771679479,0.03654489133344869,raw_percentile,0.1381,interval_includes_zero
per_variable__global_excluding_strict_conus__q850,per_variable,RplusAplusS_2019_frozen,R+A+S (2019-frozen),global_excluding_strict_conus,Outside CONUS,per_variable,q850,specific_humidity_850,q850,723,-0.0022973826275205314,-0.001985011389479,0.5089903181189488,0.13545862425186597,715,550.4942243736484,550.4942243736484,14,28,732,732,circular_wrap,9,0,10000,20260726,-0.0024696721570361476,-0.0001722895295156162,0.007934341915715407,-0.017779245225346223,0.01320732853167392,0.030986573757020144,-0.017779245225346223,0.01320732853167392,raw_percentile,0.6285,interval_includes_zero
